"";"subject";"TCR";"type_of_affinity";"dist_of_affinity";"type2";"dist2";"combined_dist";"TCR_DB";"epitope";"Antigen";"MHC";"DB"
"1";"Your_first_TCR";"TRAV8-2*01_TRAJ43*01_CVVSEYNNNDMRF_TRBV11-2*01_TRBJ2-7*01_CASSFTGGGYEQYF";"alpha_cdr3";"8";"beta_cdr3";"28";"36";"TRAV27*01_TRAJ43*01_CAGVPYNNNDMRF_TRBV9*01_TRBJ2-1*01_CASGTGTPYNEQFF";"LLWNGPMAV";"YFV-17D";"HLA-A*02:01";"McPAS"
"2";"Your_first_TCR";"TRAV8-2*01_TRAJ43*01_CVVSEYNNNDMRF_TRBV11-2*01_TRBJ2-7*01_CASSFTGGGYEQYF";"alpha_cdr3";"8";"beta_cdr3";"24";"32";"TRAV29/DV5*01_TRAJ4*01_CAASGGNNNDMRF_TRBV6-4*02_TRBJ2-1*01_CASSVTPSSYNEQFF";"NLVPMVATV";"pp65";"HLA-A*02:01";"McPAS"
"3";"Your_first_TCR";"TRAV8-2*01_TRAJ43*01_CVVSEYNNNDMRF_TRBV11-2*01_TRBJ2-7*01_CASSFTGGGYEQYF";"alpha_cdr3";"10";"beta_cdr3";"31";"41";"TRAV14/DV4*01_TRAJ43*01_CAMRLHNNNDMRF_TRBV28*01_TRBJ1-5*01_CASIASRYNQPQHF";NA;NA;NA;"McPAS"
"4";"Your_first_TCR";"TRAV8-2*01_TRAJ43*01_CVVSEYNNNDMRF_TRBV11-2*01_TRBJ2-7*01_CASSFTGGGYEQYF";"alpha_cdr3";"8";"beta_cdr3";"24";"32";"TRAV19*01_TRAJ43*01_CLVGGYNNNDMRF_TRBV20-1*01_TRBJ2-3*01_CSAQLAGGGGDTQYF";"PQQPFPQPEQPFP";NA;"HLA-DQ2.5";"McPAS"
"5";"Your_first_TCR";"TRAV8-2*01_TRAJ43*01_CVVSEYNNNDMRF_TRBV11-2*01_TRBJ2-7*01_CASSFTGGGYEQYF";"alpha_cdr3";"8";"beta_cdr3";"20";"28";"TRAV13-1*01_TRAJ43*01_CAAXGNNNDMRF_TRBV7-2*01_TRBJ2-7*01_CASSTRTGNPREQYF";NA;NA;NA;"McPAS"
"6";"Your_first_TCR";"TRAV8-2*01_TRAJ43*01_CVVSEYNNNDMRF_TRBV11-2*01_TRBJ2-7*01_CASSFTGGGYEQYF";"alpha_cdr3";"8";"beta_cdr3";"23";"31";"TRAV39*01_TRAJ43*01_CAVVWYNNNDMRF_TRBV28*01_TRBJ1-2*01_CASSLSGGSGYTF";NA;NA;NA;"McPAS"
"7";"Your_first_TCR";"TRAV8-2*01_TRAJ43*01_CVVSEYNNNDMRF_TRBV11-2*01_TRBJ2-7*01_CASSFTGGGYEQYF";"alpha_cdr3";"8";"beta_cdr3";"28";"36";"TRAV21*01_TRAJ43*01_CAVSAENNNDMRF_TRBV20-1*01_TRBJ1-1*01_CSAETGFDTEAFF";NA;NA;NA;"McPAS"
"8";"Your_first_TCR";"TRAV8-2*01_TRAJ43*01_CVVSEYNNNDMRF_TRBV11-2*01_TRBJ2-7*01_CASSFTGGGYEQYF";"alpha_cdr3";"7";"beta_cdr3";"31";"38";"TRAV39*01_TRAJ43*01_CAVAPYNNNDMRF_TRBV2*01_TRBJ2-1*01_CASTRGGAPSYNEQFF";NA;NA;NA;"McPAS"
"9";"Your_first_TCR";"TRAV8-2*01_TRAJ43*01_CVVSEYNNNDMRF_TRBV11-2*01_TRBJ2-7*01_CASSFTGGGYEQYF";"alpha_cdr3";"8";"beta_cdr3";"28";"36";"TRAV13-1*01_TRAJ43*01_CAASIXNNDMRF_TRBV20-1*01_TRBJ1-1*01_CSARQTGSMNTEAFF";NA;NA;NA;"McPAS"
"10";"Your_first_TCR";"TRAV8-2*01_TRAJ43*01_CVVSEYNNNDMRF_TRBV11-2*01_TRBJ2-7*01_CASSFTGGGYEQYF";"alpha_cdr3";"8";"beta_cdr3";"28";"36";"TRAV26-1*01_TRAJ43*01_CIVLSYNNNDMRF_TRBV3-1*01_TRBJ2-5*01_CASSQGGGSGQETQYF";NA;NA;NA;"McPAS"
"11";"Your_first_TCR";"TRAV8-2*01_TRAJ43*01_CVVSEYNNNDMRF_TRBV11-2*01_TRBJ2-7*01_CASSFTGGGYEQYF";"alpha_cdr3";"8";"beta_cdr3";"32";"40";"TRAV12-2*01_TRAJ43*01_CAVKSYNNNDMRF_TRBV4-3*01_TRBJ2-2*01_CASSQDRLTTGELFF";NA;NA;NA;"McPAS"
"12";"Your_first_TCR";"TRAV8-2*01_TRAJ43*01_CVVSEYNNNDMRF_TRBV11-2*01_TRBJ2-7*01_CASSFTGGGYEQYF";"alpha_cdr3";"6";"beta_cdr3";"32";"38";"TRAV26-2*01_TRAJ43*01_CILRDYNNNDMRF_TRBV11-2*01_TRBJ1-2*01_CASRPLRRTGGNYGYTF";NA;NA;NA;"McPAS"
"13";"Your_first_TCR";"TRAV8-2*01_TRAJ43*01_CVVSEYNNNDMRF_TRBV11-2*01_TRBJ2-7*01_CASSFTGGGYEQYF";"alpha_cdr3";"7";"beta_cdr3";"32";"39";"TRAV13-1*01_TRAJ43*01_CAASKSNNNDMRF_TRBV6-1*01_TRBJ2-6*01_CASSGSPTSGANVLTF";NA;NA;NA;"McPAS"
"14";"Your_first_TCR";"TRAV8-2*01_TRAJ43*01_CVVSEYNNNDMRF_TRBV11-2*01_TRBJ2-7*01_CASSFTGGGYEQYF";"alpha_cdr3";"4";"beta_cdr3";"28";"32";"TRAV10*01_TRAJ43*01_CVVSEGNNNDMRF_TRBV5-1*01_TRBJ1-1*01_CASSNRGRTNTEAFF";NA;NA;NA;"McPAS"
"15";"Your_first_TCR";"TRAV8-2*01_TRAJ43*01_CVVSEYNNNDMRF_TRBV11-2*01_TRBJ2-7*01_CASSFTGGGYEQYF";"alpha_cdr3";"8";"beta_cdr3";"24";"32";"TRAV26-1*01_TRAJ43*01_CIVLSYNNNDMRF_TRBV5-1*01_TRBJ2-5*01_CASSLAGSQETQYF";NA;NA;NA;"McPAS"
"16";"Your_first_TCR";"TRAV8-2*01_TRAJ43*01_CVVSEYNNNDMRF_TRBV11-2*01_TRBJ2-7*01_CASSFTGGGYEQYF";"alpha_cdr3";"4";"beta_cdr3";"40";"44";"TRAV19*01_TRAJ43*01_CALSLYNNNDMRF_TRBV20-1*01_TRBJ1-1*01_CSARDTGSLGGTNTEAFF";NA;NA;NA;"McPAS"
"17";"Your_first_TCR";"TRAV8-2*01_TRAJ43*01_CVVSEYNNNDMRF_TRBV11-2*01_TRBJ2-7*01_CASSFTGGGYEQYF";"alpha_cdr3";"7";"beta_cdr3";"28";"35";"TRAV27*01_TRAJ43*01_CAGRKYNNNDMRF_TRBV18*01_TRBJ2-5*01_CASSPDLASETQYF";NA;NA;NA;"McPAS"
"18";"Your_first_TCR";"TRAV8-2*01_TRAJ43*01_CVVSEYNNNDMRF_TRBV11-2*01_TRBJ2-7*01_CASSFTGGGYEQYF";"alpha_cdr3";"8";"beta_cdr3";"20";"28";"TRAV41*01_TRAJ43*01_CAVRGYNNNDMRF_TRBV7-2*01_TRBJ1-1*01_CASSLKGGTEAFF";NA;NA;NA;"McPAS"
"19";"Your_first_TCR";"TRAV8-2*01_TRAJ43*01_CVVSEYNNNDMRF_TRBV11-2*01_TRBJ2-7*01_CASSFTGGGYEQYF";"alpha_cdr3";"8";"beta_cdr3";"20";"28";"TRAV4*01_TRAJ43*01_CLVGGYNNNDMRF_TRBV20-1*01_TRBJ2-1*01_CSASTGTSGYNEQFF";NA;NA;NA;"McPAS"
"20";"Your_first_TCR";"TRAV8-2*01_TRAJ43*01_CVVSEYNNNDMRF_TRBV11-2*01_TRBJ2-7*01_CASSFTGGGYEQYF";"alpha_cdr3";"6";"beta_cdr3";"23";"29";"TRAV13-1*01_TRAJ43*01_CAASSWNNNDMRF_TRBV20-1*01_TRBJ2-1*01_CRVAGGAGEQFF";NA;NA;NA;"McPAS"
"21";"Your_first_TCR";"TRAV8-2*01_TRAJ43*01_CVVSEYNNNDMRF_TRBV11-2*01_TRBJ2-7*01_CASSFTGGGYEQYF";"alpha_cdr3";"7";"beta_cdr3";"16";"23";"TRAV35*01_TRAJ43*01_CAGASYNNNDMRF_TRBV27*01_TRBJ2-7*01_CASSSAWTGYEQYF";"IMNDMPIYM";"EphA2";"HLA-A2:01";"McPAS"
"24";"Your_first_TCR";"TRAV8-2*01_TRAJ43*01_CVVSEYNNNDMRF_TRBV11-2*01_TRBJ2-7*01_CASSFTGGGYEQYF";"alpha_cdr3";"7";"beta_cdr3";"16";"23";"TRAV35*01_TRAJ43*01_CAGASYNNNDMRF_TRBV27*01_TRBJ2-7*01_CASSSAWTGYEQYF";"FLCMKALLL";NA;"HLA-A2:01";"McPAS"
"25";"Your_first_TCR";"TRAV8-2*01_TRAJ43*01_CVVSEYNNNDMRF_TRBV11-2*01_TRBJ2-7*01_CASSFTGGGYEQYF";"alpha_cdr3";"8";"beta_cdr3";"28";"36";"TRAV8-1*01_TRAJ43*01_CAVIWYNNNDMRF_TRBV4-2*01_TRBJ2-1*01_CASSQGVNTGELFF";"FLCMKALLL";NA;"HLA-A2:01";"McPAS"
"26";"Your_first_TCR";"TRAV8-2*01_TRAJ43*01_CVVSEYNNNDMRF_TRBV11-2*01_TRBJ2-7*01_CASSFTGGGYEQYF";"beta_cdr3";"8";"alpha_cdr3";"30";"38";"TRAV12-2*01_TRAJ3*01_CAGGASKIIF_TRBV6-5*01_TRBJ2-7*01_CASSATGTGGYEQYF";"LLWNGPMAV";"YFV-17D";"HLA-A*02:01";"McPAS"
"27";"Your_first_TCR";"TRAV8-2*01_TRAJ43*01_CVVSEYNNNDMRF_TRBV11-2*01_TRBJ2-7*01_CASSFTGGGYEQYF";"beta_cdr3";"8";"alpha_cdr3";"28";"36";"TRAV41*01_TRAJ49*01_CAVGGGNQFYF_TRBV5-1*01_TRBJ2-7*01_CASSFTSGTYEQYF";NA;NA;NA;"McPAS"
"28";"Your_first_TCR";"TRAV8-2*01_TRAJ43*01_CVVSEYNNNDMRF_TRBV11-2*01_TRBJ2-7*01_CASSFTGGGYEQYF";"beta_cdr3";"8";"alpha_cdr3";"21";"29";"TRAV16*01_TRAJ36*01_CALSGPGANNLFF_TRBV3-1*01_TRBJ2-7*01_CASSQDGGGYEQYF";NA;NA;NA;"McPAS"
"30";"Your_first_TCR";"TRAV8-2*01_TRAJ43*01_CVVSEYNNNDMRF_TRBV11-2*01_TRBJ2-7*01_CASSFTGGGYEQYF";"beta_cdr3";"8";"alpha_cdr3";"26";"34";"TRAV16*01_TRAJ39*01_CALLNNAGNMLTF_TRBV20-1*01_TRBJ2-7*01_CSASPTSGGYEQYF";NA;NA;NA;"McPAS"
"31";"Your_first_TCR";"TRAV8-2*01_TRAJ43*01_CVVSEYNNNDMRF_TRBV11-2*01_TRBJ2-7*01_CASSFTGGGYEQYF";"beta_cdr3";"8";"alpha_cdr3";"31";"39";"TRAV10*01_TRAJ18*01_CVVSDRGSTLGRLYF_TRBV25-1*01_TRBJ2-7*01_CASSEGGGYEQYF";NA;NA;NA;"McPAS"
"36";"Your_second_TCR";"TRAV29/DV5*01_TRAJ40*01_CAARISTSGTYKYIF_TRBV7-9*01_TRBJ1-2*01_CASSSSLARQAYGYTF";"alpha_cdr3";"9";"beta_cdr3";"39";"48";"TRAV26-1*01_TRAJ40*01_CIVRVDSGTYKYIF_TRBV7-2*01_TRBJ2-1*01_CASSLTAGLASTYNEQFF";NA;NA;NA;"McPAS"
"37";"Your_second_TCR";"TRAV29/DV5*01_TRAJ40*01_CAARISTSGTYKYIF_TRBV7-9*01_TRBJ1-2*01_CASSSSLARQAYGYTF";"alpha_cdr3";"8";"beta_cdr3";"40";"48";"TRAV13-2*01_TRAJ40*01_CAETQSTSGTYKYIF_TRBV28*01_TRBJ2-1*01_CASSLPGGAGNEQFF";NA;NA;NA;"McPAS"
"38";"Your_second_TCR";"TRAV29/DV5*01_TRAJ40*01_CAARISTSGTYKYIF_TRBV7-9*01_TRBJ1-2*01_CASSSSLARQAYGYTF";"alpha_cdr3";"10";"beta_cdr3";"44";"54";"TRAV27*01_TRAJ40*01_CAGYLTSGTYKYIF_TRBV20-1*01_TRBJ2-5*01_CSAKEGKETQYF";NA;NA;NA;"McPAS"
"39";"Your_second_TCR";"TRAV29/DV5*01_TRAJ40*01_CAARISTSGTYKYIF_TRBV7-9*01_TRBJ1-2*01_CASSSSLARQAYGYTF";"alpha_cdr3";"8";"beta_cdr3";"34";"42";"TRAV26-1*01_TRAJ40*01_CIVRPTSGTYKYIF_TRBV15*01_TRBJ2-5*01_CATSTGGMQQAKETQYF";NA;NA;NA;"McPAS"
"40";"Your_second_TCR";"TRAV29/DV5*01_TRAJ40*01_CAARISTSGTYKYIF_TRBV7-9*01_TRBJ1-2*01_CASSSSLARQAYGYTF";"alpha_cdr3";"10";"beta_cdr3";"31";"41";"TRAV8-1*01_TRAJ40*01_CAVTLTSGTYKYIF_TRBV5-1*01_TRBJ2-3*01_CASSLAQALTQYF";NA;NA;NA;"McPAS"
"41";"Your_second_TCR";"TRAV29/DV5*01_TRAJ40*01_CAARISTSGTYKYIF_TRBV7-9*01_TRBJ1-2*01_CASSSSLARQAYGYTF";"alpha_cdr3";"8";"beta_cdr3";"20";"28";"TRAV9-1*01_TRAJ40*01_CAPRTTSGTYKYIF_TRBV3-1*01_TRBJ1-2*01_CASSSGQLYGYTF";NA;NA;NA;"McPAS"
"42";"Your_second_TCR";"TRAV29/DV5*01_TRAJ40*01_CAARISTSGTYKYIF_TRBV7-9*01_TRBJ1-2*01_CASSSSLARQAYGYTF";"alpha_cdr3";"9";"beta_cdr3";"35";"44";"TRAV26-1*01_TRAJ40*01_CIVRVSGTYKYIF_TRBV2*01_TRBJ1-5*01_CASSESVEPQHF";NA;NA;NA;"McPAS"
"43";"Your_second_TCR";"TRAV29/DV5*01_TRAJ40*01_CAARISTSGTYKYIF_TRBV7-9*01_TRBJ1-2*01_CASSSSLARQAYGYTF";"alpha_cdr3";"8";"beta_cdr3";"40";"48";"TRAV1-2*01_TRAJ40*01_CAVRATSGTYKYIF_TRBV10-2*01_TRBJ2-5*01_CASSVGYWETQYF";NA;NA;NA;"McPAS"
"44";"Your_second_TCR";"TRAV29/DV5*01_TRAJ40*01_CAARISTSGTYKYIF_TRBV7-9*01_TRBJ1-2*01_CASSSSLARQAYGYTF";"alpha_cdr3";"8";"beta_cdr3";"36";"44";"TRAV8-4*01_TRAJ40*01_CAVTIRTSGTYKYIF_TRBV5-1*01_TRBJ2-3*01_CASSDGQRGVADTQYF";NA;NA;NA;"McPAS"
"45";"Your_second_TCR";"TRAV29/DV5*01_TRAJ40*01_CAARISTSGTYKYIF_TRBV7-9*01_TRBJ1-2*01_CASSSSLARQAYGYTF";"alpha_cdr3";"10";"beta_cdr3";"28";"38";"TRAV22*01_TRAJ40*01_CAVLLTSGTYKYIF_TRBV27*01_TRBJ2-1*01_CASSLGLAGANEQFF";"IMNDMPIYM";"EphA2";"HLA-A2:01";"McPAS"
"48";"Your_second_TCR";"TRAV29/DV5*01_TRAJ40*01_CAARISTSGTYKYIF_TRBV7-9*01_TRBJ1-2*01_CASSSSLARQAYGYTF";"alpha_cdr3";"10";"beta_cdr3";"28";"38";"TRAV22*01_TRAJ40*01_CAVLLTSGTYKYIF_TRBV27*01_TRBJ2-1*01_CASSLGLAGANEQFF";"FLCMKALLL";NA;"HLA-A2:01";"McPAS"
"49";"Your_third_TCR";"TRAV13-1*01_TRAJ36*01_CASDQTGANNLFF_TRBV2*01_TRBJ1-1*01_CASSDRYGEGEAFF";"alpha_cdr3";"8";"beta_cdr3";"31";"39";"TRAV4*01_TRAJ36*01_CILLGTGANNLFF_TRBV13*01_TRBJ1-2*01_CASSFQTGASYGYTF";"NLVPMVATV";"pp65";"HLA-A*02";"McPAS"
"50";"Your_third_TCR";"TRAV13-1*01_TRAJ36*01_CASDQTGANNLFF_TRBV2*01_TRBJ1-1*01_CASSDRYGEGEAFF";"alpha_cdr3";"8";"beta_cdr3";"32";"40";"TRAV17*01_TRAJ36*01_CATDAQTGANNLFF_TRBV27*01_TRBJ1-2*01_CASSLYPLGFGYTF";"LLWNGPMAV";"YFV-17D";"HLA-A*02:01";"McPAS"
"51";"Your_third_TCR";"TRAV13-1*01_TRAJ36*01_CASDQTGANNLFF_TRBV2*01_TRBJ1-1*01_CASSDRYGEGEAFF";"alpha_cdr3";"8";"beta_cdr3";"20";"28";"TRAV2*01_TRAJ36*01_CAVGVTGANNLFF_TRBV12-3*01_TRBJ1-1*01_CASSLAEGNTEAFF";NA;NA;NA;"McPAS"
"52";"Your_third_TCR";"TRAV13-1*01_TRAJ36*01_CASDQTGANNLFF_TRBV2*01_TRBJ1-1*01_CASSDRYGEGEAFF";"alpha_cdr3";"6";"beta_cdr3";"28";"34";"TRAV27*01_TRAJ36*01_CAGAETGANNLFF_TRBV10-3*01_TRBJ1-1*01_CAIRSGRARTEAFF";NA;NA;NA;"McPAS"
"53";"Your_third_TCR";"TRAV13-1*01_TRAJ36*01_CASDQTGANNLFF_TRBV2*01_TRBJ1-1*01_CASSDRYGEGEAFF";"alpha_cdr3";"8";"beta_cdr3";"32";"40";"TRAV8-1*01_TRAJ36*01_CAVKGTGANNLFF_TRBV20-1*01_TRBJ2-7*01_CSVPFPTSGVYEQYF";NA;NA;NA;"McPAS"
"54";"Your_third_TCR";"TRAV13-1*01_TRAJ36*01_CASDQTGANNLFF_TRBV2*01_TRBJ1-1*01_CASSDRYGEGEAFF";"alpha_cdr3";"4";"beta_cdr3";"44";"48";"TRAV17*01_TRAJ36*01_CATAQTGANNLFF_TRBV28*01_TRBJ1-2*01_CASSSPGQGAHSYGYTF";NA;NA;NA;"McPAS"
"55";"Your_third_TCR";"TRAV13-1*01_TRAJ36*01_CASDQTGANNLFF_TRBV2*01_TRBJ1-1*01_CASSDRYGEGEAFF";"alpha_cdr3";"8";"beta_cdr3";"32";"40";"TRAV13-1*01_TRAJ36*01_CAARITGANNLFF_TRBV7-2*01_TRBJ1-2*01_CASSLTQGVGYGYTF";NA;NA;NA;"McPAS"
"56";"Your_third_TCR";"TRAV13-1*01_TRAJ36*01_CASDQTGANNLFF_TRBV2*01_TRBJ1-1*01_CASSDRYGEGEAFF";"alpha_cdr3";"7";"beta_cdr3";"32";"39";"TRAV25*01_TRAJ36*01_CAGRKTGANNLFF_TRBV18*01_TRBJ2-1*01_CASSPTQGSSYNEQFF";NA;NA;NA;"McPAS"
"57";"Your_third_TCR";"TRAV13-1*01_TRAJ36*01_CASDQTGANNLFF_TRBV2*01_TRBJ1-1*01_CASSDRYGEGEAFF";"alpha_cdr3";"7";"beta_cdr3";"30";"37";"TRAV9-1*01_TRAJ36*01_CALNLTGANNLFF_TRBV27*01_TRBJ2-5*01_CASSLTSGNQETQYF";NA;NA;NA;"McPAS"
"58";"Your_third_TCR";"TRAV13-1*01_TRAJ36*01_CASDQTGANNLFF_TRBV2*01_TRBJ1-1*01_CASSDRYGEGEAFF";"alpha_cdr3";"4";"beta_cdr3";"34";"38";"TRAV29/DV5*01_TRAJ36*01_CAAPQTGANNLFF_TRBV9*01_TRBJ1-3*01_CASSAGWVLGNTIYF";NA;NA;NA;"McPAS"
"59";"Your_third_TCR";"TRAV13-1*01_TRAJ36*01_CASDQTGANNLFF_TRBV2*01_TRBJ1-1*01_CASSDRYGEGEAFF";"beta_cdr3";"10";"alpha_cdr3";"35";"45";"TRAV12-2*01_TRAJ6*01_CALKALSGGSYIPTF_TRBV29-1*01_TRBJ1-1*01_CSVSDRGDTEAFF";NA;NA;NA;"McPAS"
"110";"Your_first_TCR";"TRAV8-2*01_TRAJ43*01_CVVSEYNNNDMRF_TRBV11-2*01_TRBJ2-7*01_CASSFTGGGYEQYF";"alpha_cdr3";"8";"beta_cdr3";"28";"36";"TRAV27*01_TRAJ43*01_CAGVPYNNNDMRF_TRBV9*01_TRBJ2-1*01_CASGTGTPYNEQFF";"LLWNGPMAV";"NS4B";"HLA-A*02:01";"VDJdb"
"210";"Your_first_TCR";"TRAV8-2*01_TRAJ43*01_CVVSEYNNNDMRF_TRBV11-2*01_TRBJ2-7*01_CASSFTGGGYEQYF";"alpha_cdr3";"8";"beta_cdr3";"27";"35";"TRAV5*01_TRAJ43*01_CAESGGNNNDMRF_TRBV4-1*01_TRBJ1-5*01_CASSPSLQVAQHF";"ALYGFVPVL";"GANAB";"HLA-A*02:01";"VDJdb"
"310";"Your_first_TCR";"TRAV8-2*01_TRAJ43*01_CVVSEYNNNDMRF_TRBV11-2*01_TRBJ2-7*01_CASSFTGGGYEQYF";"alpha_cdr3";"10";"beta_cdr3";"16";"26";"TRAV4*01_TRAJ43*01_CLVGDNNNDMRF_TRBV27*01_TRBJ2-7*01_CASSLSTGAPYEQYF";"CINGVCWTV";"NS3";"HLA-A*02:01";"VDJdb"
"410";"Your_first_TCR";"TRAV8-2*01_TRAJ43*01_CVVSEYNNNDMRF_TRBV11-2*01_TRBJ2-7*01_CASSFTGGGYEQYF";"alpha_cdr3";"8";"beta_cdr3";"23";"31";"TRAV29/DV5*01_TRAJ43*01_CAASETNNDMRF_TRBV7-9*01_TRBJ2-2*01_CASSWGMTGELFF";"KLGGALQAK";"IE1";"HLA-A*03:01";"VDJdb"
"510";"Your_first_TCR";"TRAV8-2*01_TRAJ43*01_CVVSEYNNNDMRF_TRBV11-2*01_TRBJ2-7*01_CASSFTGGGYEQYF";"alpha_cdr3";"10";"beta_cdr3";"20";"30";"TRAV8-4*01_TRAJ43*01_CAVSDGVNNNDMRF_TRBV5-4*01_TRBJ1-1*01_CASSPGGAEAFF";"KLGGALQAK";"IE1";"HLA-A*03:01";"VDJdb"
"610";"Your_first_TCR";"TRAV8-2*01_TRAJ43*01_CVVSEYNNNDMRF_TRBV11-2*01_TRBJ2-7*01_CASSFTGGGYEQYF";"alpha_cdr3";"8";"beta_cdr3";"28";"36";"TRAV21*01_TRAJ43*01_CAVQRYNNNDMRF_TRBV7-6*01_TRBJ2-2*01_CASSLVAGELFF";"KLGGALQAK";"IE1";"HLA-A*03:01";"VDJdb"
"710";"Your_first_TCR";"TRAV8-2*01_TRAJ43*01_CVVSEYNNNDMRF_TRBV11-2*01_TRBJ2-7*01_CASSFTGGGYEQYF";"alpha_cdr3";"7";"beta_cdr3";"31";"38";"TRAV19*01_TRAJ43*01_CALSEASNNDMRF_TRBV27*01_TRBJ1-6*01_CASSLSQFSPLHF";"KLGGALQAK";"IE1";"HLA-A*03:01";"VDJdb"
"86";"Your_first_TCR";"TRAV8-2*01_TRAJ43*01_CVVSEYNNNDMRF_TRBV11-2*01_TRBJ2-7*01_CASSFTGGGYEQYF";"alpha_cdr3";"8";"beta_cdr3";"24";"32";"TRAV29/DV5*01_TRAJ43*01_CAASASNNNDMRF_TRBV19*01_TRBJ2-1*01_CASSMVSQGEQFF";"GILGFVFTL";"M";"HLA-A*02:01";"VDJdb"
"91";"Your_first_TCR";"TRAV8-2*01_TRAJ43*01_CVVSEYNNNDMRF_TRBV11-2*01_TRBJ2-7*01_CASSFTGGGYEQYF";"alpha_cdr3";"10";"beta_cdr3";"28";"38";"TRAV9-2*01_TRAJ43*01_CALSDQGNNDMRF_TRBV12-4*01_TRBJ2-5*01_CASRFRTLQETQYF";"CYTWNQMNL";"WT1";"HLA-A*24:02";"VDJdb"
"101";"Your_first_TCR";"TRAV8-2*01_TRAJ43*01_CVVSEYNNNDMRF_TRBV11-2*01_TRBJ2-7*01_CASSFTGGGYEQYF";"alpha_cdr3";"10";"beta_cdr3";"23";"33";"TRAV26-2*01_TRAJ43*01_CILGDKYNNNDMRF_TRBV27*01_TRBJ1-2*01_CASTRVGGDYGYTF";"KLGGALQAK";"IE1";"HLA-A*03:01";"VDJdb"
"111";"Your_first_TCR";"TRAV8-2*01_TRAJ43*01_CVVSEYNNNDMRF_TRBV11-2*01_TRBJ2-7*01_CASSFTGGGYEQYF";"alpha_cdr3";"8";"beta_cdr3";"24";"32";"TRAV5*01_TRAJ43*01_CAESYNNNDMRF_TRBV11-1*01_TRBJ1-1*01_CASSAGSGEAFF";"AVFDRKSDAK";"EBNA4";"HLA-A*11:01";"VDJdb"
"121";"Your_first_TCR";"TRAV8-2*01_TRAJ43*01_CVVSEYNNNDMRF_TRBV11-2*01_TRBJ2-7*01_CASSFTGGGYEQYF";"alpha_cdr3";"10";"beta_cdr3";"28";"38";"TRAV8-4*01_TRAJ43*01_CAVSDGNNDMRF_TRBV10-2*01_TRBJ1-2*01_CASRGGTGDNYGYTF";"KLGGALQAK";"IE1";"HLA-A*03:01";"VDJdb"
"131";"Your_first_TCR";"TRAV8-2*01_TRAJ43*01_CVVSEYNNNDMRF_TRBV11-2*01_TRBJ2-7*01_CASSFTGGGYEQYF";"alpha_cdr3";"8";"beta_cdr3";"21";"29";"TRAV10*01_TRAJ43*01_CVVSAVNNNDMRF_TRBV6-3*01_TRBJ1-1*01_CASSYTDQNTEAFF";"RAKFKQLL";"BZLF1";"HLA-B*08:01";"VDJdb"
"141";"Your_first_TCR";"TRAV8-2*01_TRAJ43*01_CVVSEYNNNDMRF_TRBV11-2*01_TRBJ2-7*01_CASSFTGGGYEQYF";"alpha_cdr3";"10";"beta_cdr3";"27";"37";"TRAV14/DV4*01_TRAJ43*01_CAMRDSYNNNDMRF_TRBV6-5*01_TRBJ2-1*01_CASSPSLGTGGGLQFF";"AVFDRKSDAK";"EBNA4";"HLA-A*11:01";"VDJdb"
"151";"Your_first_TCR";"TRAV8-2*01_TRAJ43*01_CVVSEYNNNDMRF_TRBV11-2*01_TRBJ2-7*01_CASSFTGGGYEQYF";"alpha_cdr3";"8";"beta_cdr3";"20";"28";"TRAV10*01_TRAJ43*01_CVVSAINNNDMRF_TRBV6-3*01_TRBJ1-2*01_CASSFTGQVDYGYTF";"KLGGALQAK";"IE1";"HLA-A*03:01";"VDJdb"
"161";"Your_first_TCR";"TRAV8-2*01_TRAJ43*01_CVVSEYNNNDMRF_TRBV11-2*01_TRBJ2-7*01_CASSFTGGGYEQYF";"alpha_cdr3";"8";"beta_cdr3";"27";"35";"TRAV10*01_TRAJ43*01_CVVSARYNNNDMRF_TRBV7-9*01_TRBJ2-2*01_CASSLSRPTGELFF";"KLGGALQAK";"IE1";"HLA-A*03:01";"VDJdb"
"171";"Your_first_TCR";"TRAV8-2*01_TRAJ43*01_CVVSEYNNNDMRF_TRBV11-2*01_TRBJ2-7*01_CASSFTGGGYEQYF";"alpha_cdr3";"7";"beta_cdr3";"43";"50";"TRAV13-2*01_TRAJ43*01_CAENDHNNNDMRF_TRBV11-3*01_TRBJ1-6*01_CASSLVGSASGYNSPLHF";"GILGFVFTL";"M";"HLA-A*02:01";"VDJdb"
"181";"Your_first_TCR";"TRAV8-2*01_TRAJ43*01_CVVSEYNNNDMRF_TRBV11-2*01_TRBJ2-7*01_CASSFTGGGYEQYF";"alpha_cdr3";"8";"beta_cdr3";"20";"28";"TRAV26-1*01_TRAJ43*01_CIVRAYNNNDMRF_TRBV19*01_TRBJ2-7*01_CASSIRSSYEQYF";"GILGFVFTL";"M";"HLA-A*02:01";"VDJdb"
"191";"Your_first_TCR";"TRAV8-2*01_TRAJ43*01_CVVSEYNNNDMRF_TRBV11-2*01_TRBJ2-7*01_CASSFTGGGYEQYF";"alpha_cdr3";"7";"beta_cdr3";"32";"39";"TRAV16*01_TRAJ43*01_CALSKNNNDMRF_TRBV20-1*01_TRBJ2-2*01_CSARDFDLTGELFF";"RTLNAWVKV";"Gag";"HLA-A*02:01";"VDJdb"
"201";"Your_first_TCR";"TRAV8-2*01_TRAJ43*01_CVVSEYNNNDMRF_TRBV11-2*01_TRBJ2-7*01_CASSFTGGGYEQYF";"alpha_cdr3";"7";"beta_cdr3";"32";"39";"TRAV12-3*01_TRAJ43*01_CAMTVYNNNDMRF_TRBV20-1*01_TRBJ1-2*01_CSARDRTGNGYTF";"GLCTLVAML";"BMLF1";"HLA-A*02:01";"VDJdb"
"211";"Your_first_TCR";"TRAV8-2*01_TRAJ43*01_CVVSEYNNNDMRF_TRBV11-2*01_TRBJ2-7*01_CASSFTGGGYEQYF";"alpha_cdr3";"4";"beta_cdr3";"24";"28";"TRAV26-2*01_TRAJ43*01_CILSESNNNDMRF_TRBV5-4*01_TRBJ1-5*01_CASSSTGGGEKDQPQHF";"RAKFKQLL";"BZLF1";"HLA-B*08:01";"VDJdb"
"22";"Your_first_TCR";"TRAV8-2*01_TRAJ43*01_CVVSEYNNNDMRF_TRBV11-2*01_TRBJ2-7*01_CASSFTGGGYEQYF";"alpha_cdr3";"8";"beta_cdr3";"20";"28";"TRAV19*01_TRAJ43*01_CALSGANNNDMRF_TRBV5-6*01_TRBJ2-5*01_CASSFPGLADRQYF";"KLGGALQAK";"IE1";"HLA-A*03:01";"VDJdb"
"23";"Your_first_TCR";"TRAV8-2*01_TRAJ43*01_CVVSEYNNNDMRF_TRBV11-2*01_TRBJ2-7*01_CASSFTGGGYEQYF";"alpha_cdr3";"8";"beta_cdr3";"20";"28";"TRAV6*01_TRAJ43*01_CALRLYNNNDMRF_TRBV19*01_TRBJ1-2*01_CASSTTGGSGYTF";"MLDLQPETT";"E7";"HLA-A*02:01";"VDJdb"
"241";"Your_first_TCR";"TRAV8-2*01_TRAJ43*01_CVVSEYNNNDMRF_TRBV11-2*01_TRBJ2-7*01_CASSFTGGGYEQYF";"alpha_cdr3";"4";"beta_cdr3";"24";"28";"TRAV12-3*01_TRAJ43*01_CAMSEGNNNDMRF_TRBV5-1*01_TRBJ1-2*01_CASSLPLGDYGYTF";"KLGGALQAK";"IE1";"HLA-A*03:01";"VDJdb"
"251";"Your_first_TCR";"TRAV8-2*01_TRAJ43*01_CVVSEYNNNDMRF_TRBV11-2*01_TRBJ2-7*01_CASSFTGGGYEQYF";"beta_cdr3";"9";"alpha_cdr3";"26";"35";"TRAV13-1*01_TRAJ54*01_CAAMEGAQKLVF_TRBV6-5*01_TRBJ2-7*01_CASSYPGGGFYEQYF";"LLFGYPVYV";"Tax";"HLA-A*02:01:48";"VDJdb"
"261";"Your_first_TCR";"TRAV8-2*01_TRAJ43*01_CVVSEYNNNDMRF_TRBV11-2*01_TRBJ2-7*01_CASSFTGGGYEQYF";"beta_cdr3";"8";"alpha_cdr3";"30";"38";"TRAV12-2*01_TRAJ3*01_CAGGASKIIF_TRBV6-4*01_TRBJ2-7*01_CASSATGTGGYEQYF";"LLWNGPMAV";"NS4B";"HLA-A*02:01";"VDJdb"
"271";"Your_first_TCR";"TRAV8-2*01_TRAJ43*01_CVVSEYNNNDMRF_TRBV11-2*01_TRBJ2-7*01_CASSFTGGGYEQYF";"beta_cdr3";"8";"alpha_cdr3";"22";"30";"TRAV12-2*01_TRAJ29*01_CASSGGNTPLVF_TRBV27*01_TRBJ2-7*01_CASSFGGAYEQYF";"VQIISCQY";"MED13";"HLA-B*15:01";"VDJdb"
"281";"Your_first_TCR";"TRAV8-2*01_TRAJ43*01_CVVSEYNNNDMRF_TRBV11-2*01_TRBJ2-7*01_CASSFTGGGYEQYF";"beta_cdr3";"8";"alpha_cdr3";"29";"37";"TRAV8-4*01_TRAJ53*01_CAVSDHSGGSNYKLTF_TRBV4-3*01_TRBJ2-7*01_CASSLTGAGYEQYF";"GILGFVFTL";"M";"HLA-A*02:01";"VDJdb"
"29";"Your_first_TCR";"TRAV8-2*01_TRAJ43*01_CVVSEYNNNDMRF_TRBV11-2*01_TRBJ2-7*01_CASSFTGGGYEQYF";"beta_cdr3";"8";"alpha_cdr3";"32";"40";"TRAV27*01_TRAJ44*01_CAGAIAGTASKLTF_TRBV12-4*01_TRBJ2-7*01_CASSSTGGYEQYF";"KLGGALQAK";"IE1";"HLA-A*03:01";"VDJdb"
"301";"Your_first_TCR";"TRAV8-2*01_TRAJ43*01_CVVSEYNNNDMRF_TRBV11-2*01_TRBJ2-7*01_CASSFTGGGYEQYF";"beta_cdr3";"8";"alpha_cdr3";"33";"41";"TRAV17*01_TRAJ53*01_CATLNSGGSNYKLTF_TRBV11-2*01_TRBJ2-7*01_CASSFGTGGYEQYF";"KLGGALQAK";"IE1";"HLA-A*03:01";"VDJdb"
"311";"Your_first_TCR";"TRAV8-2*01_TRAJ43*01_CVVSEYNNNDMRF_TRBV11-2*01_TRBJ2-7*01_CASSFTGGGYEQYF";"beta_cdr3";"8";"alpha_cdr3";"25";"33";"TRAV17*01_TRAJ33*01_CATDGDSNYQLIW_TRBV27*01_TRBJ2-7*01_CASSLTGGSYEQYF";"KLGGALQAK";"IE1";"HLA-A*03:01";"VDJdb"
"32";"Your_first_TCR";"TRAV8-2*01_TRAJ43*01_CVVSEYNNNDMRF_TRBV11-2*01_TRBJ2-7*01_CASSFTGGGYEQYF";"beta_cdr3";"8";"alpha_cdr3";"29";"37";"TRAV12-1*01_TRAJ41*01_CVVNSGYALNF_TRBV27*01_TRBJ2-1*01_CASSFTGAGNEQFF";"KLGGALQAK";"IE1";"HLA-A*03:01";"VDJdb"
"33";"Your_first_TCR";"TRAV8-2*01_TRAJ43*01_CVVSEYNNNDMRF_TRBV11-2*01_TRBJ2-7*01_CASSFTGGGYEQYF";"beta_cdr3";"8";"alpha_cdr3";"29";"37";"TRAV25*01_TRAJ42*01_CKGGSQGNLIF_TRBV28*01_TRBJ2-7*01_CASSFQGLGYEQYF";"ELAGIGILTV";"MLANA";"HLA-A*02:01";"VDJdb"
"34";"Your_first_TCR";"TRAV8-2*01_TRAJ43*01_CVVSEYNNNDMRF_TRBV11-2*01_TRBJ2-7*01_CASSFTGGGYEQYF";"beta_cdr3";"8";"alpha_cdr3";"19";"27";"TRAV8-3*01_TRAJ43*01_CAVGALSNDMRF_TRBV27*01_TRBJ2-7*01_CASSFGGYEQYF";"KLGGALQAK";"IE1";"HLA-A*03:01";"VDJdb"
"35";"Your_first_TCR";"TRAV8-2*01_TRAJ43*01_CVVSEYNNNDMRF_TRBV11-2*01_TRBJ2-7*01_CASSFTGGGYEQYF";"beta_cdr3";"9";"alpha_cdr3";"25";"34";"TRAV13-1*01_TRAJ48*01_CAANEKLTF_TRBV6-5*01_TRBJ2-7*01_CASSYGTGGTYEQYF";"KLGGALQAK";"IE1";"HLA-A*03:01";"VDJdb"
"361";"Your_first_TCR";"TRAV8-2*01_TRAJ43*01_CVVSEYNNNDMRF_TRBV11-2*01_TRBJ2-7*01_CASSFTGGGYEQYF";"beta_cdr3";"8";"alpha_cdr3";"30";"38";"TRAV30*01_TRAJ54*01_CGTEGGAQKLVF_TRBV27*01_TRBJ2-7*01_CASSFQGGYEQYF";"KLGGALQAK";"IE1";"HLA-A*03:01";"VDJdb"
"371";"Your_first_TCR";"TRAV8-2*01_TRAJ43*01_CVVSEYNNNDMRF_TRBV11-2*01_TRBJ2-7*01_CASSFTGGGYEQYF";"beta_cdr3";"10";"alpha_cdr3";"28";"38";"TRAV23/DV6*01_TRAJ30*01_CAARDDKIIF_TRBV6-5*01_TRBJ2-7*01_CASSFRPGGHEQYF";"KLGGALQAK";"IE1";"HLA-A*03:01";"VDJdb"
"381";"Your_first_TCR";"TRAV8-2*01_TRAJ43*01_CVVSEYNNNDMRF_TRBV11-2*01_TRBJ2-7*01_CASSFTGGGYEQYF";"beta_cdr3";"8";"alpha_cdr3";"26";"34";"TRAV1-2*01_TRAJ23*01_CAVRAYNQGGKLIF_TRBV11-2*01_TRBJ2-7*01_CASSFGGGTYEQYF";"KLGGALQAK";"IE1";"HLA-A*03:01";"VDJdb"
"391";"Your_first_TCR";"TRAV8-2*01_TRAJ43*01_CVVSEYNNNDMRF_TRBV11-2*01_TRBJ2-7*01_CASSFTGGGYEQYF";"beta_cdr3";"8";"alpha_cdr3";"29";"37";"TRAV10*01_TRAJ52*01_CVGGTSYGKLTF_TRBV20-1*01_TRBJ2-7*01_CSASFTGPFYEQYF";"RAKFKQLL";"BZLF1";"HLA-B*08:01";"VDJdb"
"401";"Your_first_TCR";"TRAV8-2*01_TRAJ43*01_CVVSEYNNNDMRF_TRBV11-2*01_TRBJ2-7*01_CASSFTGGGYEQYF";"beta_cdr3";"7";"alpha_cdr3";"30";"37";"TRAV39*01_TRAJ31*01_CAVDNGARLMF_TRBV7-8*01_TRBJ2-7*01_CASSYTRGGHEQYF";"KLGGALQAK";"IE1";"HLA-A*03:01";"VDJdb"
"411";"Your_first_TCR";"TRAV8-2*01_TRAJ43*01_CVVSEYNNNDMRF_TRBV11-2*01_TRBJ2-7*01_CASSFTGGGYEQYF";"beta_cdr3";"8";"alpha_cdr3";"28";"36";"TRAV35*01_TRAJ49*01_CAGHTGNQFYF_TRBV19*01_TRBJ2-7*01_CASSGTSGGYEQYF";"IVTDFSVIK";"EBNA4";"HLA-A*11:01";"VDJdb"
"421";"Your_first_TCR";"TRAV8-2*01_TRAJ43*01_CVVSEYNNNDMRF_TRBV11-2*01_TRBJ2-7*01_CASSFTGGGYEQYF";"beta_cdr3";"8";"alpha_cdr3";"26";"34";"TRAV12-2*01_TRAJ4*01_CAVPSGGYNKLIF_TRBV19*01_TRBJ2-7*01_CASSGTSGGYEQYF";"GILGFVFTL";"M";"HLA-A*02:01";"VDJdb"
"431";"Your_first_TCR";"TRAV8-2*01_TRAJ43*01_CVVSEYNNNDMRF_TRBV11-2*01_TRBJ2-7*01_CASSFTGGGYEQYF";"beta_cdr3";"8";"alpha_cdr3";"28";"36";"TRAV12-1*01_TRAJ45*01_CVGTGGADGLTF_TRBV11-2*01_TRBJ2-7*01_CASSFAGSGYEQYF";"KLGGALQAK";"IE1";"HLA-A*03:01";"VDJdb"
"441";"Your_first_TCR";"TRAV8-2*01_TRAJ43*01_CVVSEYNNNDMRF_TRBV11-2*01_TRBJ2-7*01_CASSFTGGGYEQYF";"beta_cdr3";"8";"alpha_cdr3";"27";"35";"TRAV8-6*01_TRAJ36*01_CAVSDPQTGANNLFF_TRBV5-4*01_TRBJ2-7*01_CASSFRGPGYEQYF";"AVFDRKSDAK";"EBNA4";"HLA-A*11:01";"VDJdb"
"451";"Your_second_TCR";"TRAV29/DV5*01_TRAJ40*01_CAARISTSGTYKYIF_TRBV7-9*01_TRBJ1-2*01_CASSSSLARQAYGYTF";"alpha_cdr3";"8";"beta_cdr3";"32";"40";"TRAV14/DV4*01_TRAJ40*01_CAMREHTSGTYKYIF_TRBV6-6*01_TRBJ2-5*01_CASSDSLVRGYQETQYF";"CINGVCWTV";"NS3";"HLA-A*02:01";"VDJdb"
"46";"Your_second_TCR";"TRAV29/DV5*01_TRAJ40*01_CAARISTSGTYKYIF_TRBV7-9*01_TRBJ1-2*01_CASSSSLARQAYGYTF";"alpha_cdr3";"8";"beta_cdr3";"40";"48";"TRAV19*01_TRAJ40*01_CALIITSGTYKYIF_TRBV19*01_TRBJ1-5*01_CASSVGQPQHF";"GILGFVFTL";"M";"HLA-A*02:01";"VDJdb"
"47";"Your_second_TCR";"TRAV29/DV5*01_TRAJ40*01_CAARISTSGTYKYIF_TRBV7-9*01_TRBJ1-2*01_CASSSSLARQAYGYTF";"alpha_cdr3";"8";"beta_cdr3";"39";"47";"TRAV14/DV4*01_TRAJ40*01_CAMREFTSGTYKYIF_TRBV27*01_TRBJ2-5*01_CASSLTLGLAGVETQYF";"CINGVCWTV";"NS3";"HLA-A*02:01";"VDJdb"
"481";"Your_second_TCR";"TRAV29/DV5*01_TRAJ40*01_CAARISTSGTYKYIF_TRBV7-9*01_TRBJ1-2*01_CASSSSLARQAYGYTF";"alpha_cdr3";"8";"beta_cdr3";"36";"44";"TRAV26-2*01_TRAJ40*01_CILRDRTSGTYKYIF_TRBV18*01_TRBJ1-5*01_CASSPIRGNQPQHF";"KLGGALQAK";"IE1";"HLA-A*03:01";"VDJdb"
"491";"Your_second_TCR";"TRAV29/DV5*01_TRAJ40*01_CAARISTSGTYKYIF_TRBV7-9*01_TRBJ1-2*01_CASSSSLARQAYGYTF";"alpha_cdr3";"8";"beta_cdr3";"35";"43";"TRAV3*01_TRAJ40*01_CAVRDMTSGTYKYIF_TRBV27*01_TRBJ2-6*01_CASSPQGSGANVLTF";"KLGGALQAK";"IE1";"HLA-A*03:01";"VDJdb"
"501";"Your_second_TCR";"TRAV29/DV5*01_TRAJ40*01_CAARISTSGTYKYIF_TRBV7-9*01_TRBJ1-2*01_CASSSSLARQAYGYTF";"alpha_cdr3";"8";"beta_cdr3";"36";"44";"TRAV38-2/DV8*01_TRAJ40*01_CAYRDTSGTYKYIF_TRBV7-9*01_TRBJ2-1*01_CASSSPGESSYNEQFF";"KLGGALQAK";"IE1";"HLA-A*03:01";"VDJdb"
"511";"Your_second_TCR";"TRAV29/DV5*01_TRAJ40*01_CAARISTSGTYKYIF_TRBV7-9*01_TRBJ1-2*01_CASSSSLARQAYGYTF";"alpha_cdr3";"8";"beta_cdr3";"44";"52";"TRAV12-1*01_TRAJ40*01_CVVNIPTSGTYKYIF_TRBV4-3*01_TRBJ2-5*01_CASSQDRWVWNQETQYF";"KLGGALQAK";"IE1";"HLA-A*03:01";"VDJdb"
"521";"Your_second_TCR";"TRAV29/DV5*01_TRAJ40*01_CAARISTSGTYKYIF_TRBV7-9*01_TRBJ1-2*01_CASSSSLARQAYGYTF";"alpha_cdr3";"8";"beta_cdr3";"44";"52";"TRAV12-1*01_TRAJ40*01_CVVNIPTSGTYKYIF_TRBV4-3*01_TRBJ2-5*01_CASSQDRWVWNQETQYF";"AVFDRKSDAK";"EBNA4";"HLA-A*11:01";"VDJdb"
"531";"Your_second_TCR";"TRAV29/DV5*01_TRAJ40*01_CAARISTSGTYKYIF_TRBV7-9*01_TRBJ1-2*01_CASSSSLARQAYGYTF";"alpha_cdr3";"8";"beta_cdr3";"27";"35";"TRAV38-2/DV8*01_TRAJ40*01_CAYRSPTSGTYKYIF_TRBV7-9*01_TRBJ1-2*01_CASSTPGQGPNYGYTF";"KLGGALQAK";"IE1";"HLA-A*03:01";"VDJdb"
"541";"Your_second_TCR";"TRAV29/DV5*01_TRAJ40*01_CAARISTSGTYKYIF_TRBV7-9*01_TRBJ1-2*01_CASSSSLARQAYGYTF";"alpha_cdr3";"8";"beta_cdr3";"32";"40";"TRAV1-2*01_TRAJ40*01_CAVRDGTSGTYKYIF_TRBV10-3*01_TRBJ1-1*01_CAISEPRQNTEAFF";"KLGGALQAK";"IE1";"HLA-A*03:01";"VDJdb"
"551";"Your_second_TCR";"TRAV29/DV5*01_TRAJ40*01_CAARISTSGTYKYIF_TRBV7-9*01_TRBJ1-2*01_CASSSSLARQAYGYTF";"alpha_cdr3";"8";"beta_cdr3";"36";"44";"TRAV38-2/DV8*01_TRAJ40*01_CAYRSLTSGTYKYIF_TRBV12-3*01_TRBJ2-2*01_CASSFSGNTGELFF";"RAKFKQLL";"BZLF1";"HLA-B*08:01";"VDJdb"
"561";"Your_second_TCR";"TRAV29/DV5*01_TRAJ40*01_CAARISTSGTYKYIF_TRBV7-9*01_TRBJ1-2*01_CASSSSLARQAYGYTF";"alpha_cdr3";"8";"beta_cdr3";"34";"42";"TRAV8-4*01_TRAJ40*01_CAVSVTTSGTYKYIF_TRBV20-1*01_TRBJ2-7*01_CSASGWVRQGAFYEQYF";"KLGGALQAK";"IE1";"HLA-A*03:01";"VDJdb"
"571";"Your_second_TCR";"TRAV29/DV5*01_TRAJ40*01_CAARISTSGTYKYIF_TRBV7-9*01_TRBJ1-2*01_CASSSSLARQAYGYTF";"alpha_cdr3";"8";"beta_cdr3";"38";"46";"TRAV38-2/DV8*01_TRAJ40*01_CAYRSLTSGTYKYIF_TRBV13*01_TRBJ2-5*01_CASSPRGGVEKTQYF";"RAKFKQLL";"BZLF1";"HLA-B*08:01";"VDJdb"
"581";"Your_second_TCR";"TRAV29/DV5*01_TRAJ40*01_CAARISTSGTYKYIF_TRBV7-9*01_TRBJ1-2*01_CASSSSLARQAYGYTF";"alpha_cdr3";"8";"beta_cdr3";"38";"46";"TRAV38-2/DV8*01_TRAJ40*01_CAYRSLTSGTYKYIF_TRBV13*01_TRBJ2-5*01_CASSPRGGVEKTQYF";"GLCTLVAML";"BMLF1";"HLA-A*02:01";"VDJdb"
"591";"Your_second_TCR";"TRAV29/DV5*01_TRAJ40*01_CAARISTSGTYKYIF_TRBV7-9*01_TRBJ1-2*01_CASSSSLARQAYGYTF";"alpha_cdr3";"8";"beta_cdr3";"38";"46";"TRAV38-2/DV8*01_TRAJ40*01_CAYRSLTSGTYKYIF_TRBV13*01_TRBJ2-5*01_CASSPRGGVEKTQYF";"KLGGALQAK";"IE1";"HLA-A*03:01";"VDJdb"
"60";"Your_second_TCR";"TRAV29/DV5*01_TRAJ40*01_CAARISTSGTYKYIF_TRBV7-9*01_TRBJ1-2*01_CASSSSLARQAYGYTF";"alpha_cdr3";"8";"beta_cdr3";"34";"42";"TRAV38-2/DV8*01_TRAJ40*01_CAYRDTSGTYKYIF_TRBV19*01_TRBJ2-7*01_CASSARSSTEQYF";"GILGFVFTL";"M";"HLA-A*02:01";"VDJdb"
"61";"Your_second_TCR";"TRAV29/DV5*01_TRAJ40*01_CAARISTSGTYKYIF_TRBV7-9*01_TRBJ1-2*01_CASSSSLARQAYGYTF";"alpha_cdr3";"8";"beta_cdr3";"34";"42";"TRAV8-4*01_TRAJ40*01_CAVSVTTSGTYKYIF_TRBV20-1*01_TRBJ2-7*01_CSASGWVRQGAFYEQYF";"IVTDFSVIK";"EBNA4";"HLA-A*11:01";"VDJdb"
"62";"Your_third_TCR";"TRAV13-1*01_TRAJ36*01_CASDQTGANNLFF_TRBV2*01_TRBJ1-1*01_CASSDRYGEGEAFF";"alpha_cdr3";"8";"beta_cdr3";"32";"40";"TRAV17*01_TRAJ36*01_CATDAQTGANNLFF_TRBV27*01_TRBJ1-2*01_CASSLYPLGFGYTF";"LLWNGPMAV";"NS4B";"HLA-A*02:01";"VDJdb"
"63";"Your_third_TCR";"TRAV13-1*01_TRAJ36*01_CASDQTGANNLFF_TRBV2*01_TRBJ1-1*01_CASSDRYGEGEAFF";"alpha_cdr3";"8";"beta_cdr3";"41";"49";"TRAV26-2*01_TRAJ36*01_CILLGTGANNLFF_TRBV18*01_TRBJ1-4*01_CASSPKLQGAWAEKLFF";"NLVPMVATV";"pp65";"HLA-A*02:01";"VDJdb"
"64";"Your_third_TCR";"TRAV13-1*01_TRAJ36*01_CASDQTGANNLFF_TRBV2*01_TRBJ1-1*01_CASSDRYGEGEAFF";"alpha_cdr3";"8";"beta_cdr3";"18";"26";"TRAV2*01_TRAJ36*01_CAVEEAGANNLFF_TRBV14*01_TRBJ1-1*01_CASSQARGDTEAFF";"KLGGALQAK";"IE1";"HLA-A*03:01";"VDJdb"
"65";"Your_third_TCR";"TRAV13-1*01_TRAJ36*01_CASDQTGANNLFF_TRBV2*01_TRBJ1-1*01_CASSDRYGEGEAFF";"alpha_cdr3";"10";"beta_cdr3";"36";"46";"TRAV2*01_TRAJ36*01_CAVETGANNLFF_TRBV20-1*01_TRBJ2-1*01_CSAPPSSGRSYNEQFF";"KLGGALQAK";"IE1";"HLA-A*03:01";"VDJdb"
"66";"Your_third_TCR";"TRAV13-1*01_TRAJ36*01_CASDQTGANNLFF_TRBV2*01_TRBJ1-1*01_CASSDRYGEGEAFF";"alpha_cdr3";"8";"beta_cdr3";"30";"38";"TRAV2*01_TRAJ36*01_CAVEEAGANNLFF_TRBV9*01_TRBJ1-1*01_CARKKTRRISQAFF";"KLGGALQAK";"IE1";"HLA-A*03:01";"VDJdb"
"67";"Your_third_TCR";"TRAV13-1*01_TRAJ36*01_CASDQTGANNLFF_TRBV2*01_TRBJ1-1*01_CASSDRYGEGEAFF";"alpha_cdr3";"0";"beta_cdr3";"32";"32";"TRAV12-1*01_TRAJ36*01_CVVDQTGANNLFF_TRBV11-2*01_TRBJ1-2*01_CASSWGGGSHYGYTF";"IVTDFSVIK";"EBNA4";"HLA-A*11:01";"VDJdb"
"68";"Your_third_TCR";"TRAV13-1*01_TRAJ36*01_CASDQTGANNLFF_TRBV2*01_TRBJ1-1*01_CASSDRYGEGEAFF";"alpha_cdr3";"4";"beta_cdr3";"26";"30";"TRAV27*01_TRAJ36*01_CAGAQTGANNLFF_TRBV2*01_TRBJ2-1*01_CASSERGGLASNEQFF";"KLGGALQAK";"IE1";"HLA-A*03:01";"VDJdb"
"69";"Your_third_TCR";"TRAV13-1*01_TRAJ36*01_CASDQTGANNLFF_TRBV2*01_TRBJ1-1*01_CASSDRYGEGEAFF";"alpha_cdr3";"4";"beta_cdr3";"24";"28";"TRAV8-4*01_TRAJ36*01_CAVIQTGANNLFF_TRBV5-1*01_TRBJ2-1*01_CASSLVVVEDEQFF";"KLGGALQAK";"IE1";"HLA-A*03:01";"VDJdb"
"70";"Your_third_TCR";"TRAV13-1*01_TRAJ36*01_CASDQTGANNLFF_TRBV2*01_TRBJ1-1*01_CASSDRYGEGEAFF";"alpha_cdr3";"9";"beta_cdr3";"24";"33";"TRAV14/DV4*01_TRAJ36*01_CAMRESGANNLFF_TRBV6-3*01_TRBJ2-2*01_CASSYSGNTGELFF";"KLGGALQAK";"IE1";"HLA-A*03:01";"VDJdb"
"71";"Your_third_TCR";"TRAV13-1*01_TRAJ36*01_CASDQTGANNLFF_TRBV2*01_TRBJ1-1*01_CASSDRYGEGEAFF";"alpha_cdr3";"8";"beta_cdr3";"30";"38";"TRAV2*01_TRAJ36*01_CAVEEAGANNLFF_TRBV9*01_TRBJ1-1*01_CARKKTRRISQAFF";"AVFDRKSDAK";"EBNA4";"HLA-A*11:01";"VDJdb"
"72";"Your_third_TCR";"TRAV13-1*01_TRAJ36*01_CASDQTGANNLFF_TRBV2*01_TRBJ1-1*01_CASSDRYGEGEAFF";"alpha_cdr3";"4";"beta_cdr3";"24";"28";"TRAV12-2*01_TRAJ36*01_CAVDGTGANNLFF_TRBV5-1*01_TRBJ2-1*01_CASSLAPSGEQFF";"ELAGIGILTV";"MLANA";"HLA-A*02:01";"VDJdb"
"73";"Your_third_TCR";"TRAV13-1*01_TRAJ36*01_CASDQTGANNLFF_TRBV2*01_TRBJ1-1*01_CASSDRYGEGEAFF";"alpha_cdr3";"6";"beta_cdr3";"24";"30";"TRAV3*01_TRAJ36*01_CAVRETGANNLFF_TRBV6-3*01_TRBJ1-1*01_CASRTGGFEAFF";"GILGFVFTL";"M";"HLA-A*02:01";"VDJdb"
"74";"Your_third_TCR";"TRAV13-1*01_TRAJ36*01_CASDQTGANNLFF_TRBV2*01_TRBJ1-1*01_CASSDRYGEGEAFF";"alpha_cdr3";"8";"beta_cdr3";"32";"40";"TRAV16*01_TRAJ36*01_CALSGTGANNLFF_TRBV24-1*01_TRBJ2-5*01_CATSDYGTENQETQYF";"KLGGALQAK";"IE1";"HLA-A*03:01";"VDJdb"
"75";"Your_third_TCR";"TRAV13-1*01_TRAJ36*01_CASDQTGANNLFF_TRBV2*01_TRBJ1-1*01_CASSDRYGEGEAFF";"alpha_cdr3";"10";"beta_cdr3";"32";"42";"TRAV29/DV5*01_TRAJ36*01_CAAETGANNLFF_TRBV19*01_TRBJ1-2*01_CASSATGTGVGYTF";"KLGGALQAK";"IE1";"HLA-A*03:01";"VDJdb"
"76";"Your_third_TCR";"TRAV13-1*01_TRAJ36*01_CASDQTGANNLFF_TRBV2*01_TRBJ1-1*01_CASSDRYGEGEAFF";"alpha_cdr3";"8";"beta_cdr3";"18";"26";"TRAV2*01_TRAJ36*01_CAVEEAGANNLFF_TRBV14*01_TRBJ1-1*01_CASSQARGDTEAFF";"AVFDRKSDAK";"EBNA4";"HLA-A*11:01";"VDJdb"
"77";"Your_third_TCR";"TRAV13-1*01_TRAJ36*01_CASDQTGANNLFF_TRBV2*01_TRBJ1-1*01_CASSDRYGEGEAFF";"alpha_cdr3";"0";"beta_cdr3";"28";"28";"TRAV1-2*01_TRAJ36*01_CAPDQTGANNLFF_TRBV7-9*01_TRBJ2-7*01_CASSSPPTPYEQYF";"KLGGALQAK";"IE1";"HLA-A*03:01";"VDJdb"
"78";"Your_third_TCR";"TRAV13-1*01_TRAJ36*01_CASDQTGANNLFF_TRBV2*01_TRBJ1-1*01_CASSDRYGEGEAFF";"alpha_cdr3";"8";"beta_cdr3";"31";"39";"TRAV17*01_TRAJ36*01_CATDSLTGANNLFF_TRBV2*01_TRBJ2-1*01_CASVWQGAYNEQFF";"GILGFVFTL";"M";"HLA-A*02:01";"VDJdb"
"79";"Your_third_TCR";"TRAV13-1*01_TRAJ36*01_CASDQTGANNLFF_TRBV2*01_TRBJ1-1*01_CASSDRYGEGEAFF";"alpha_cdr3";"4";"beta_cdr3";"36";"40";"TRAV21*01_TRAJ36*01_CAVSQTGANNLFF_TRBV19*01_TRBJ2-7*01_CASSPDADTPFYEQYF";"KLGGALQAK";"IE1";"HLA-A*03:01";"VDJdb"
"80";"Your_third_TCR";"TRAV13-1*01_TRAJ36*01_CASDQTGANNLFF_TRBV2*01_TRBJ1-1*01_CASSDRYGEGEAFF";"alpha_cdr3";"8";"beta_cdr3";"30";"38";"TRAV2*01_TRAJ36*01_CAVEEAGANNLFF_TRBV19*01_TRBJ1-4*01_CASSSQGANEKLFF";"RAKFKQLL";"BZLF1";"HLA-B*08:01";"VDJdb"
"81";"Your_third_TCR";"TRAV13-1*01_TRAJ36*01_CASDQTGANNLFF_TRBV2*01_TRBJ1-1*01_CASSDRYGEGEAFF";"alpha_cdr3";"6";"beta_cdr3";"28";"34";"TRAV8-3*01_TRAJ36*01_CAPGETGANNLFF_TRBV19*01_TRBJ1-5*01_CASSFYSNQPQHF";"GILGFVFTL";"M";"HLA-A*02:01";"VDJdb"
"82";"Your_third_TCR";"TRAV13-1*01_TRAJ36*01_CASDQTGANNLFF_TRBV2*01_TRBJ1-1*01_CASSDRYGEGEAFF";"alpha_cdr3";"8";"beta_cdr3";"34";"42";"TRAV1-2*01_TRAJ36*01_CAVRGTGANNLFF_TRBV9*01_TRBJ2-1*01_CASSPKDIRVYNEQFF";"GILGFVFTL";"M";"HLA-A*02:01";"VDJdb"
"83";"Your_third_TCR";"TRAV13-1*01_TRAJ36*01_CASDQTGANNLFF_TRBV2*01_TRBJ1-1*01_CASSDRYGEGEAFF";"alpha_cdr3";"4";"beta_cdr3";"28";"32";"TRAV27*01_TRAJ36*01_CAGAQTGANNLFF_TRBV3-1*01_TRBJ2-7*01_CASSPLTSGSYEQYF";"RAKFKQLL";"BZLF1";"HLA-B*08:01";"VDJdb"
"84";"Your_third_TCR";"TRAV13-1*01_TRAJ36*01_CASDQTGANNLFF_TRBV2*01_TRBJ1-1*01_CASSDRYGEGEAFF";"alpha_cdr3";"6";"beta_cdr3";"24";"30";"TRAV8-3*01_TRAJ36*01_CAPGETGANNLFF_TRBV12-3*01_TRBJ2-2*01_CASSFSGNTGELFF";"RAKFKQLL";"BZLF1";"HLA-B*08:01";"VDJdb"
"85";"Your_third_TCR";"TRAV13-1*01_TRAJ36*01_CASDQTGANNLFF_TRBV2*01_TRBJ1-1*01_CASSDRYGEGEAFF";"beta_cdr3";"8";"alpha_cdr3";"27";"35";"TRAV12-1*01_TRAJ33*01_CVVNLLNYQLIW_TRBV2*01_TRBJ1-1*01_CASSDRGETEAFF";"KLGGALQAK";"IE1";"HLA-A*03:01";"VDJdb"
